Average Transaction Amount,Is Registered,Accepts Card,Total Annual Transaction Fees,MCC_Category_Agricultural Services,MCC_Category_Business Services,MCC_Category_Clothing Stores,MCC_Category_Contracted Services,MCC_Category_Miscellaneous Stores,MCC_Category_Professional Services and Membership Organizations,MCC_Category_Retail Outlet Services,MCC_Category_Transportation Services,MCC_Category_Travel,MCC_Category_Utility Services,Transaction_per_Unit_Turnover,Current Provider
10,1,1,593.1840000000001,False,False,False,False,True,False,False,False,False,False,0.0001,0
1000,1,1,175.00000000000003,False,False,False,False,False,False,True,False,False,False,0.1,0
307,1,1,290.30836612377846,False,False,False,False,True,False,False,False,False,False,0.005116666666666667,0
30,1,1,2625.749333333333,False,False,False,False,False,True,False,False,False,False,3.75e-05,0
7,1,1,1785.0857142857142,False,False,False,False,True,False,False,False,False,False,1.75e-05,0
15,0,1,1500.0,False,False,False,False,True,False,False,False,False,False,0.00015,0
80,1,0,200.0,False,False,False,False,True,False,False,False,False,False,0.004,1
5000,1,0,967.6058055999998,False,False,False,True,False,False,False,False,False,False,0.025,1
10,1,0,87.50000000000001,False,False,False,False,False,True,False,False,False,False,0.002,1
2478,1,1,6120.049394673123,False,False,False,False,True,False,False,False,False,False,0.001239,0
40,1,1,3937.968,False,False,False,False,False,False,True,False,False,False,3.3333333333333335e-05,0
200,1,0,1371.8057400000002,False,False,True,False,False,False,False,False,False,False,0.0006666666666666666,1
120,0,1,200.0,False,False,False,False,True,False,False,False,False,False,0.006,0
625,0,1,799.2255744000001,False,True,False,False,False,False,False,False,False,False,0.004629629629629629,0
40,1,0,167.2836,False,False,False,False,True,False,False,False,False,False,0.002,1
50,0,1,446.0456,False,False,False,False,True,False,False,False,False,False,0.000625,0
34,1,0,1045.6147058823528,False,False,False,False,True,False,False,False,False,False,0.000272,1
11,1,1,1696.6792727272727,False,False,False,False,False,False,True,False,False,False,3.0136986301369862e-05,0
2500,1,0,319.5025560000001,False,False,False,False,False,False,True,False,False,False,0.05,1
2000,0,1,7.499999999999999,False,False,False,False,True,False,False,False,False,False,4.0,0
10,0,0,350.00000000000006,False,False,False,False,True,False,False,False,False,False,0.0005,1
8000,1,0,11125.0278125,False,False,False,False,True,False,False,False,False,False,0.0032,1
4000,1,0,2225.011125,False,False,False,False,False,True,False,False,False,False,0.008,1
1000,0,0,150.0,False,False,False,True,False,False,False,False,False,False,0.1,1
5000,1,0,500.0,False,False,False,False,False,False,True,False,False,False,0.1,1
30,1,0,1144.143,False,False,False,False,False,False,True,False,False,False,0.00012,1
30,0,1,813.5420000000001,False,False,False,False,False,False,True,False,False,False,0.0002,0
15,0,1,251.4855,False,False,False,False,True,False,False,False,False,False,0.0003333333333333333,0
15,0,0,120.0,False,False,False,False,False,False,True,False,False,False,0.00125,1
2,0,1,4847.999999999999,False,False,False,False,False,False,True,False,False,False,4.166666666666667e-06,0
1000,1,1,1184.0236800000002,False,True,False,False,False,False,False,False,False,False,0.005,0
750,1,1,1392.0371199999995,False,False,False,False,False,False,True,False,False,False,0.0025,0
55,1,1,2515.9716000000003,False,False,False,False,False,True,False,False,False,False,0.0001,0
5,0,0,150.0,False,False,False,False,False,False,False,True,False,False,0.0005,1
5,0,0,87.50000000000001,False,False,False,False,False,True,False,False,False,False,0.001,1
500,1,1,445.64456,False,False,False,False,True,False,False,False,False,False,0.00625,0
100,1,0,1000.0,False,False,False,False,True,False,False,False,False,False,0.001,1
20,1,1,3379.9999999999995,False,False,False,False,True,False,False,False,False,False,0.0001,0
10,0,0,420.0,False,False,False,False,False,False,True,False,False,False,0.00035714285714285714,1
8,1,1,1233.0750000000005,False,False,False,False,False,False,True,False,False,False,3.2e-05,0
10,0,0,1000.0,False,False,False,False,True,False,False,False,False,False,0.0001,1
10,1,1,200.0,False,True,False,False,False,False,False,False,False,False,0.0005,0
80,1,1,3363.020575,False,False,False,False,True,False,False,False,False,False,0.00010958904109589041,0
20,1,1,168.99999999999997,False,False,False,False,True,False,False,False,False,False,0.002,0
50,0,0,375.0,False,True,False,False,False,False,False,False,False,False,0.002,1
28,1,1,3.38,False,False,False,False,False,True,False,False,False,False,0.14,0
50,1,1,1351.9999999999998,False,False,False,False,True,False,False,False,False,False,0.000625,0
20,0,0,750.0,False,False,False,False,False,False,True,False,False,False,0.0004,1
20,1,1,1373.6574,False,False,False,False,True,False,False,False,False,False,6.666666666666667e-05,0
2000,1,0,120.0,False,False,False,False,False,False,False,False,True,False,0.16666666666666666,1
400,0,1,592.0296000000001,False,False,False,False,True,False,False,False,False,False,0.004,0
20,0,1,390.87475,False,False,False,False,True,False,False,False,False,False,0.00028571428571428574,0
10,1,1,1360.068,False,False,False,False,True,False,False,False,False,False,3.3333333333333335e-05,0
40,1,1,2625.312,False,False,False,False,True,False,False,False,False,False,5e-05,0
3000,1,1,9429.15715,False,False,False,False,True,False,False,False,False,False,0.0014285714285714286,0
350,0,1,422.5,True,False,False,False,False,False,False,False,False,False,0.014,0
10000,1,1,568.62,False,False,False,True,False,False,False,False,False,False,0.2637965600928564,0
500,1,0,3280.1312,False,True,False,False,False,False,False,False,False,False,0.0005,1
15,1,1,1200.0,False,False,False,False,True,False,False,False,False,False,0.000125,0
250,0,0,84.49999999999999,False,True,False,False,False,False,False,False,False,False,0.05,1
80,0,0,2528.632,False,True,False,False,False,False,False,False,False,False,0.000125,1
310,1,1,278.5449193548387,False,False,False,False,True,False,False,False,False,False,0.0062,0
150,0,1,1392.1855999999998,False,False,False,False,False,False,False,True,False,False,0.0005,0
11,1,0,349.1336363636364,False,False,False,False,True,False,False,False,False,False,0.00022,1
3000,1,1,267.364456,False,False,False,True,False,False,False,False,False,False,0.0625,0
73,1,0,33.449161643835616,False,False,False,False,False,False,True,False,False,False,0.01825,1
15,0,1,651.2672,False,False,False,False,True,False,False,False,False,False,0.000125,0
30,0,0,120.0,False,False,False,False,True,False,False,False,False,False,0.00375,1
3000,1,0,3750.0,False,False,False,False,False,False,True,False,False,False,0.012,1
30,0,0,42.24999999999999,False,False,False,False,True,False,False,False,False,False,0.012,1
190,1,0,16.9,False,False,False,False,False,True,False,False,False,False,0.19,1
20,0,0,75.0,False,False,False,False,True,False,False,False,False,False,0.004,1
10,1,1,993.9840000000004,False,False,False,False,True,False,False,False,False,False,5e-05,0
150,0,0,482.0964,False,False,False,False,False,False,True,False,False,False,0.0015,1
12,1,1,779.1831000000001,False,False,False,False,True,False,False,False,False,False,7.058823529411764e-05,0
25,0,0,16.9,False,True,False,False,False,False,False,False,False,False,0.025,1
30,0,1,800.0,True,False,False,False,False,False,False,False,False,False,0.000375,0
30,1,1,5582.087999999999,False,False,False,False,False,False,True,False,False,False,2.5e-05,0
17,0,0,3500.0000000000005,False,False,False,False,True,False,False,False,False,False,8.5e-05,1
50,0,0,250.0,False,False,False,False,True,False,False,False,False,False,0.002,1
400,1,1,6339.475425,False,False,False,False,True,False,False,False,False,False,0.0002666666666666667,0
10,1,1,1665.1845,False,False,False,False,False,False,True,False,False,False,2.857142857142857e-05,0
8000,1,1,1183.507396875,False,False,False,False,True,False,False,False,False,False,0.032,0
9,1,1,700.4699999999999,False,False,False,False,True,False,False,False,False,False,6e-05,0
15,1,1,1145.286,False,False,False,False,True,False,False,False,False,False,6e-05,0
15,1,1,726.87888,False,False,False,False,False,False,True,False,False,False,9.615384615384615e-05,0
75,1,1,823.2891840000001,False,False,False,False,False,True,False,False,False,False,0.0004166666666666667,0
5,0,0,120.0,False,False,False,False,True,False,False,False,False,False,0.000625,1
30,0,1,84.49999999999999,False,False,False,False,True,False,False,False,False,False,0.006,0
30,1,0,270.0,False,False,False,False,False,True,False,False,False,False,0.0016666666666666668,1
200,1,1,914.53716,False,False,False,False,True,False,False,False,False,False,0.001,0
15,0,0,16.9,False,False,False,False,False,False,True,False,False,False,0.015,1
60,1,1,2225.741666666667,False,False,False,False,True,False,False,False,False,False,0.00012,0
7,1,1,688.739142857143,False,False,False,False,False,False,True,False,False,False,4.6666666666666665e-05,0
2000,1,1,2480.0248000000006,False,False,False,False,False,False,True,False,False,False,0.004,0
333,1,1,696.7045945945945,False,False,False,False,True,False,False,False,False,False,0.00222,0
5,0,0,150.0,False,False,False,False,True,False,False,False,False,False,0.0005,1
1500,1,1,290.28580559999995,False,False,False,True,False,False,False,False,False,False,0.025,0
15,0,1,1765.5509333333334,False,False,False,False,True,False,False,False,False,False,3.9473684210526316e-05,0
10,0,0,14.999999999999998,False,False,False,False,True,False,False,False,False,False,0.01,1
15,1,0,711.3472,False,False,False,False,False,False,True,False,False,False,0.000125,1
50,0,1,2845.1376,False,False,False,False,True,False,False,False,False,False,6.944444444444444e-05,0
200,1,0,591.5,False,False,False,False,False,True,False,False,False,False,0.005714285714285714,1
1500,1,0,337.99999999999994,False,False,False,False,True,False,False,False,False,False,0.075,1
500,1,1,1130.0678,True,False,False,False,False,False,False,False,False,False,0.002,0
12,0,0,1750.0000000000002,False,False,False,False,True,False,False,False,False,False,0.00012,1
100,0,0,222.9114,False,True,False,False,False,False,False,False,False,False,0.0025,1
750,1,1,3936.10496,False,False,False,False,False,False,False,True,False,False,0.000625,0
18,1,1,168.99999999999997,False,False,False,False,True,False,False,False,False,False,0.0018,0
15,0,0,83.71146666666668,False,False,False,False,True,False,False,False,False,False,0.0015,1
94,0,1,992.2110638297876,False,True,False,False,False,False,False,False,False,False,0.00047,0
15,0,0,507.0,False,False,False,False,False,False,False,True,False,False,0.0005,1
8,0,1,1784.45,False,False,False,False,False,False,True,False,False,False,2e-05,0
5,0,0,14.999999999999998,False,False,False,False,False,True,False,False,False,False,0.005,1
20,0,0,150.0,False,False,False,False,True,False,False,False,False,False,0.002,1
20,0,0,337.99999999999994,False,False,False,False,True,False,False,False,False,False,0.001,1
15,0,0,83.71146666666668,False,False,False,False,True,False,False,False,False,False,0.0015,1
3000,1,0,464.40774,False,False,False,False,False,False,True,False,False,False,0.03,1
2,0,0,87.50000000000001,False,False,False,False,True,False,False,False,False,False,0.0004,1
10,1,1,337.99999999999994,False,False,False,False,False,False,True,False,False,False,0.0005,0
30,0,0,2625.749333333333,False,False,False,False,False,False,True,False,False,False,3.75e-05,1
15,0,0,1689.9999999999998,False,False,False,False,True,False,False,False,False,False,0.00015,1
20,1,0,135.2,False,False,False,False,True,False,False,False,False,False,0.0025,1
10,1,0,8.45,False,False,False,False,False,True,False,False,False,False,0.02,1
40,0,1,135.2,True,False,False,False,False,False,False,False,False,False,0.005,0
4,0,1,385.317,False,False,False,False,True,False,False,False,False,False,6.666666666666667e-05,0
600,0,1,195.00000000000003,True,False,False,False,False,False,False,False,False,False,0.046153846153846156,0
20,1,1,9311.1458,False,False,False,False,True,False,False,False,False,False,9.090909090909091e-06,0
14,0,1,1025.3288571428573,False,False,False,False,True,False,False,False,False,False,6.363636363636364e-05,0
70,0,1,500.0,False,False,True,False,False,False,False,False,False,False,0.0014,0
15,1,1,1757.4186,False,False,False,False,True,False,False,False,False,False,4.054054054054054e-05,0
100,0,0,844.9999999999999,False,True,False,False,False,False,False,False,False,False,0.002,1
3,0,0,16.9,False,False,False,False,True,False,False,False,False,False,0.003,1
68,0,1,261.17679411764703,False,False,True,False,False,False,False,False,False,False,0.0019428571428571429,0
2168,1,1,4920.045387453875,False,False,False,False,False,False,True,False,False,False,0.0014453333333333334,0
8,0,1,2137.3300000000004,False,False,False,False,False,False,True,False,False,False,1.2307692307692308e-05,0
20,0,0,3000.0,False,False,False,False,True,False,False,False,False,False,0.0001,1
50,1,1,50.7,False,False,False,False,True,False,False,False,False,False,0.016666666666666666,0
20,1,1,2227.225,False,False,False,False,True,False,False,False,False,False,4e-05,0
1000,1,1,464.42322,False,True,False,False,False,False,False,False,False,False,0.01,0
15,0,0,16.9,False,False,False,False,True,False,False,False,False,False,0.015,1
15,1,1,3941.248,False,False,False,False,False,False,True,False,False,False,1.25e-05,0
20,0,0,224.53630000000004,False,False,False,False,True,False,False,False,False,False,0.0005263157894736842,1
10,1,0,41.8836,False,False,False,False,True,False,False,False,False,False,0.002,1
5,0,1,359.99999999999994,False,True,False,False,False,False,False,False,False,False,0.00020833333333333335,0
7,1,1,597.9034285714287,False,False,False,False,False,False,True,False,False,False,6.363636363636364e-05,0
20,0,1,1625.624,False,False,False,False,False,False,True,False,False,False,5.714285714285714e-05,0
20,0,1,100.0,False,False,False,False,True,False,False,False,False,False,0.002,0
1500,1,1,252518.417,False,False,False,True,False,False,False,False,False,False,2.6315789473684212e-05,0
700,1,0,387.0565874285714,False,False,False,False,True,False,False,False,False,False,0.00875,1
10,0,0,320.13900000000007,False,False,False,False,False,False,False,True,False,False,0.0002,1
30,1,1,1372.9716,False,False,False,False,True,False,False,False,False,False,0.0001,0
8,1,1,815.0325000000001,False,False,False,False,False,True,False,False,False,False,5.333333333333333e-05,0
80,1,0,418.01109374999993,False,False,False,False,True,False,False,False,False,False,0.0010666666666666667,1
40,0,0,3457.31625,False,False,False,False,False,False,True,False,False,False,5.333333333333333e-05,1
200,1,1,1371.8057400000002,False,False,False,False,True,False,False,False,False,False,0.0006666666666666666,0
20,1,1,2197.8518400000003,False,False,False,False,True,False,False,False,False,False,4.1666666666666665e-05,0
180,0,1,119.41326666666666,False,False,False,False,True,False,False,False,False,False,0.012,0
1000,0,0,2225.0445,False,False,False,False,False,False,True,False,False,False,0.002,1
15,0,1,465.948,False,False,False,False,True,False,False,False,False,False,0.00015,0
35,1,1,1781.0171428571427,False,False,False,False,True,False,False,False,False,False,8.75e-05,0
100,1,1,365.869728,False,True,False,False,False,False,False,False,False,False,0.00125,0
1000,1,1,3116.06232,False,False,False,False,False,False,True,False,False,False,0.0010526315789473684,0
100,1,0,2250.0,False,False,False,False,True,False,False,False,False,False,0.0006666666666666666,1
45,1,1,1372.5144,False,False,False,False,True,False,False,False,False,False,0.00015,0
150,0,0,750.0,False,True,False,False,False,False,False,False,False,False,0.003,1
18,0,1,337.99999999999994,False,False,False,False,False,False,False,True,False,False,0.0009,0
20,0,0,1393.3919999999998,False,False,False,False,True,False,False,False,False,False,6.666666666666667e-05,1
10,0,1,7.499999999999999,False,False,False,False,False,True,False,False,False,False,0.02,0
20,1,0,319.81950000000006,False,False,False,False,True,False,False,False,False,False,0.0004,1
45,0,1,1353.6013333333335,False,False,True,False,False,False,False,False,False,False,0.00016363636363636363,0
20,1,1,457.8858,False,False,False,False,False,False,True,False,False,False,0.0002,0
300,0,0,17.500000000000004,False,True,False,False,False,False,False,False,False,False,0.3,1
65,1,1,5459.599360000001,False,False,False,False,True,False,False,False,False,False,3.90625e-05,0
15,1,1,2964.1164,False,False,False,False,True,False,False,False,False,False,2.1428571428571428e-05,0
200,1,1,44.99999999999999,False,False,False,False,False,True,False,False,False,False,0.06666666666666667,0
10,1,1,533.77654,False,True,False,False,False,False,False,False,False,False,9.09090909090909e-05,0
40,0,0,2003.50125,False,False,False,False,False,False,True,False,False,False,8.888888888888889e-05,1
20,1,0,915.7716,False,False,False,False,True,False,False,False,False,False,0.0001,1
1200,1,1,928.8387,False,False,False,False,True,False,False,False,False,False,0.006,0
300,1,0,337.99999999999994,False,False,False,False,False,True,False,False,False,False,0.015,1
20,0,1,232.7805,False,False,False,False,True,False,False,False,False,False,0.0004,0
1250,1,0,532.8085248000001,False,True,False,False,False,False,False,False,False,False,0.013888888888888888,1
25,1,1,1144.3716,False,False,False,False,True,False,False,False,False,False,0.0001,0
5,1,1,1185.5232,False,False,False,False,True,False,False,False,False,False,2.0833333333333333e-05,0
500,1,1,464.44644,False,True,False,False,False,False,False,False,False,False,0.005,0
150,0,0,262.5,False,False,False,True,False,False,False,False,False,False,0.01,1
200,1,0,787.5,False,False,False,False,True,False,False,False,False,False,0.0044444444444444444,1
10,1,1,9024.899999999998,False,False,False,False,False,False,True,False,False,False,5e-06,0
10,0,0,307.88174999999995,False,False,False,False,False,False,True,False,False,False,0.0001818181818181818,1
120,1,1,813.1355000000001,False,False,False,False,False,False,True,False,False,False,0.0008,0
20,0,0,168.99999999999997,False,False,False,False,True,False,False,False,False,False,0.002,1
20,1,0,750.0,False,False,True,False,False,False,False,False,False,False,0.0004,1
10,0,0,1783.56,False,False,False,False,True,False,False,False,False,False,2.5e-05,1
20,1,1,12252.24,False,False,False,False,True,False,False,False,False,False,5e-06,0
60,1,0,290.42514,False,False,False,False,False,False,False,True,False,False,0.001,1
50,0,0,21.0,False,True,False,False,False,False,False,False,False,False,0.041666666666666664,1
2000,1,1,1371.620574,False,False,False,False,True,False,False,False,False,False,0.006666666666666667,0
15,0,0,83.71146666666668,False,False,True,False,False,False,False,False,False,False,0.0015,1
250,1,0,42265.0712,False,False,False,False,True,False,False,False,False,False,2.5e-05,1
3000,1,0,334.20557,False,False,False,False,False,False,True,False,False,False,0.05,1
10,0,0,593.1840000000001,False,False,False,False,True,False,False,False,False,False,0.0001,1
500,1,1,992.0396800000002,False,False,False,False,False,True,False,False,False,False,0.0025,0
30,1,0,446.3426666666667,False,False,True,False,False,False,False,False,False,False,0.000375,1
1500,1,0,1750.0233333333338,False,True,False,False,False,False,False,False,False,False,0.004285714285714286,1
7,1,0,33.8,False,False,False,False,True,False,False,False,False,False,0.0035,1
4,0,0,16.9,False,False,False,False,False,False,False,True,False,False,0.004,1
20,0,0,2004.5025,False,False,False,False,True,False,False,False,False,False,4.4444444444444447e-05,1
500,1,1,1500.0,False,False,False,False,False,False,True,False,False,False,0.0033333333333333335,0
20,1,0,274.73148000000003,False,False,False,False,False,False,True,False,False,False,0.0003333333333333333,1
55,0,1,202.8,False,False,False,False,True,False,False,False,False,False,0.004583333333333333,0
5,0,1,1031.8968,False,False,False,False,False,False,True,False,False,False,2.2727272727272726e-05,0
200,1,0,383.43834,False,True,False,False,False,False,False,False,False,False,0.0033333333333333335,1
150,1,1,179.99999999999997,False,False,False,False,False,False,True,False,False,False,0.0125,0
1500,1,0,5388.1796,False,False,False,False,False,False,False,False,False,True,0.00125,1
8,1,1,2268.475,False,False,False,False,False,False,True,False,False,False,1.6e-05,0
30,0,0,1200.0,False,False,False,False,True,False,False,False,False,False,0.000375,1
80,1,1,723.271125,False,True,False,False,False,False,False,False,False,False,0.0005333333333333334,0
12,1,1,1008.3546,False,False,False,False,True,False,False,False,False,False,5.4545454545454546e-05,0
15,0,0,418.5573333333334,False,False,False,False,True,False,False,False,False,False,0.0003,1
30,1,1,337.99999999999994,False,False,False,False,True,False,False,False,False,False,0.0015,0
100,1,1,319.56390000000005,False,True,False,False,False,False,False,False,False,False,0.002,0
90,0,1,511.1238,False,False,False,False,True,False,False,False,False,False,0.0008181818181818182,0
950,1,1,1935.261111578947,False,False,False,False,False,False,True,False,False,False,0.002375,0
30,0,0,175.00000000000003,False,False,False,True,False,False,False,False,False,False,0.003,1
30,0,1,930.348,False,False,True,False,False,False,False,False,False,False,0.00015,0
500,1,1,557.335728,False,True,False,False,False,False,False,False,False,False,0.004166666666666667,0
80,1,0,1097.6914800000002,False,False,False,False,True,False,False,False,False,False,0.0003333333333333333,1
96,1,0,52.500000000000014,False,False,False,True,False,False,False,False,False,False,0.032,1
45,0,1,418.1857777777778,False,False,False,False,True,False,False,False,False,False,0.0009,0
200,1,0,2100.0,False,False,False,False,False,False,False,True,False,False,0.0016666666666666668,1
25,0,0,1517.90976,False,False,False,False,True,False,False,False,False,False,7.8125e-05,1
52,0,1,439.5287845384616,False,False,False,False,True,False,False,False,False,False,0.0009894396346684425,0
20,1,0,418.41800000000006,False,False,False,False,True,False,False,False,False,False,0.0004,1
250,1,1,457.25486400000005,False,False,False,False,False,True,False,False,False,False,0.0025,0
500,1,0,253.5,False,False,False,False,False,True,False,False,False,False,0.03333333333333333,1
40,0,0,83.6418,False,False,False,False,False,True,False,False,False,False,0.004,1
100,1,0,8.45,False,False,False,False,True,False,False,False,False,False,0.2,1
70,0,1,390.1785,False,False,False,False,True,False,False,False,False,False,0.001,0
50,0,1,464.8644,False,False,False,False,True,False,False,False,False,False,0.0005,0
8,0,1,994.4800000000002,False,False,False,False,True,False,False,False,False,False,4e-05,0
30,1,1,6736.488000000001,False,False,False,False,False,False,True,False,False,False,1.3636363636363637e-05,0
350,1,0,295.0252857142857,False,True,False,False,False,False,False,False,False,False,0.007,1
279,0,1,772.9558257290322,False,False,False,True,False,False,False,False,False,False,0.0016765617864096338,0
400,1,0,334.241775,False,True,False,False,False,False,False,False,False,False,0.006666666666666667,1
1780,0,0,3214.4361168539326,False,True,False,False,False,False,False,False,False,False,0.001816326530612245,1
20,1,0,465.561,False,False,False,False,True,False,False,False,False,False,0.0002,1
68,1,1,1627.9178823529412,False,False,False,False,True,False,False,False,False,False,0.00018888888888888888,0
65,1,1,464.7572307692308,False,False,False,False,True,False,False,False,False,False,0.00065,0
12,0,1,2956.9200000000005,False,False,False,False,False,False,True,False,False,False,1.3333333333333333e-05,0
5,1,1,337.542,False,True,False,False,False,False,False,False,False,False,8.333333333333333e-05,0
20,0,0,2174.6725,False,False,False,False,False,False,True,False,False,False,3.6363636363636364e-05,1
15,1,1,533.5104000000001,False,False,False,False,True,False,False,False,False,False,0.00016666666666666666,0
68,1,1,100.0,False,False,False,False,True,False,False,False,False,False,0.0068,0
10,0,0,168.99999999999997,False,False,False,False,True,False,False,False,False,False,0.001,1
200,1,1,250.82508000000004,False,False,False,False,False,True,False,False,False,False,0.006666666666666667,0
10,0,0,279.8925,False,False,False,False,False,False,True,False,False,False,0.0002,1
12,1,1,1321.99413147,False,False,False,False,True,False,False,False,False,False,4.1604693009371456e-05,0
7,0,1,561.2605714285714,False,False,False,False,True,False,False,False,False,False,5.833333333333333e-05,0
350,0,0,202.8,False,False,False,False,True,False,False,False,False,False,0.029166666666666667,1
7,1,0,105.00000000000004,False,True,False,False,False,False,False,False,False,False,0.0011666666666666668,1
16,0,1,993.2400000000002,False,False,False,False,True,False,False,False,False,False,8e-05,0
35,0,0,300.0,False,False,False,False,False,True,False,False,False,False,0.00175,1
12,0,1,1872.115,False,False,False,False,True,False,False,False,False,False,2.857142857142857e-05,0
200,1,1,3.38,False,False,False,False,True,False,False,False,False,False,1.0,0
15,1,1,714.658464,False,False,False,False,False,False,True,False,False,False,9.615384615384615e-05,0
35,1,1,1706.674628571429,False,False,False,False,True,False,False,False,False,False,9.722222222222222e-05,0
150,1,1,3936.5248,False,False,False,False,False,False,True,False,False,False,0.000125,0
4000,1,1,1130.008475,False,False,False,False,False,False,True,False,False,False,0.016,0
11,1,1,1783.2363636363636,False,False,False,False,True,False,False,False,False,False,2.75e-05,0
12,1,0,750.0,False,True,False,False,False,False,False,False,False,False,0.00024,1
500,1,0,80.0,False,True,False,False,False,False,False,False,False,False,0.0625,1
25,1,1,2226.78,False,False,False,False,True,False,False,False,False,False,5e-05,0
30,1,1,354.354,False,False,False,False,False,False,True,False,False,False,0.0005,0
8,0,0,100.57080000000002,False,False,False,False,True,False,False,False,False,False,0.0006666666666666666,1
2000,0,0,200.0,False,False,False,True,False,False,False,False,False,False,0.1,1
500,1,0,100.0,False,False,False,True,False,False,False,False,False,False,0.05,1
20,0,0,84.49999999999999,False,False,False,False,True,False,False,False,False,False,0.004,1
5,0,0,14.999999999999998,False,False,False,False,False,False,True,False,False,False,0.005,1
20,0,0,50.7,False,False,False,False,True,False,False,False,False,False,0.006666666666666667,1
70,1,1,3937.124571428572,False,False,False,False,True,False,False,False,False,False,5.833333333333333e-05,0
14,0,0,300.0,False,False,False,False,True,False,False,False,False,False,0.0007,1
2000,1,1,1780.0178,False,False,False,False,False,False,True,False,False,False,0.005,0
25,0,0,319.7556000000001,False,False,False,False,True,False,False,False,False,False,0.0005,1
3000,1,1,383.40255600000006,False,False,False,True,False,False,False,False,False,False,0.05,0
20,0,0,418.6182,False,True,False,False,False,False,False,False,False,False,0.0003333333333333333,1
20,0,0,2332.8305,False,False,False,False,False,False,True,False,False,False,3.389830508474576e-05,1
800,0,1,202.8,False,False,False,False,True,False,False,False,False,False,0.06666666666666667,0
200,0,1,418.0418000000001,False,True,False,False,False,False,False,False,False,False,0.004,0
50,0,0,100.36012800000002,False,False,False,False,False,False,True,False,False,False,0.004166666666666667,1
50,1,1,2766.106,False,False,False,False,True,False,False,False,False,False,7.142857142857143e-05,0
10,1,1,474.5472,False,False,False,False,True,False,False,False,False,False,0.000125,0
5,0,0,87.50000000000001,False,False,False,False,True,False,False,False,False,False,0.001,1
25,0,0,8.366688,False,False,False,False,True,False,False,False,False,False,0.025,1
10000,1,1,337.99999999999994,False,False,False,False,True,False,False,False,False,False,0.5,0
40,0,0,175.00000000000003,False,False,False,False,True,False,False,False,False,False,0.004,1
10,0,0,1783.56,False,False,False,False,True,False,False,False,False,False,2.5e-05,1
900,1,1,464.4258,False,False,False,False,False,True,False,False,False,False,0.009,0
19,0,1,1231.2947368421055,False,False,False,False,True,False,False,False,False,False,7.6e-05,0
100,1,1,365.869728,False,False,True,False,False,False,False,False,False,False,0.00125,0
10,1,1,458.5716000000001,False,False,False,False,True,False,False,False,False,False,0.0001,0
10,0,0,1.69,False,False,False,False,True,False,False,False,False,False,0.1,1
20,1,1,422.5,False,False,False,False,True,False,False,False,False,False,0.0008,0
50,1,0,464.8644,False,False,True,False,False,False,False,False,False,False,0.0005,1
2000,0,1,319.50319500000006,False,False,False,False,False,True,False,False,False,False,0.04,0
180,0,1,1231.1819,False,True,False,False,False,False,False,False,False,False,0.0006923076923076923,0
2000,1,1,250.80250800000005,False,False,True,False,False,False,False,False,False,False,0.06666666666666667,0
7,0,1,252.44035714285712,False,False,False,False,True,False,False,False,False,False,0.00015555555555555556,0
30,1,1,2133.8505,False,False,False,False,False,False,True,False,False,False,6.666666666666667e-05,0
36,0,1,677.8763888888889,False,False,False,False,True,False,False,False,False,False,0.000288,0
20,1,1,67.6,False,False,False,False,True,False,False,False,False,False,0.005,0
5,0,0,33.8,False,False,False,False,True,False,False,False,False,False,0.0025,1
80,1,1,2952.7380000000003,False,False,False,False,True,False,False,False,False,False,8.888888888888889e-05,0
85,1,0,3186.7496470588235,False,False,False,False,False,False,False,False,False,True,9.444444444444444e-05,1
100,0,0,83.61672000000002,False,False,False,False,False,False,False,True,False,False,0.01,1
65,0,0,469.4048030769231,False,False,False,False,True,False,False,False,False,False,0.0006435643564356436,1
5000,1,0,464.404644,False,False,False,False,False,True,False,False,False,False,0.05,1
2,1,1,542.5,False,False,False,False,False,False,False,False,True,False,6.451612903225807e-05,0
6,0,0,8.387866666666666,False,False,False,False,False,False,False,True,False,False,0.006,1
20,1,0,50.21016000000001,False,False,False,False,True,False,False,False,False,False,0.0033333333333333335,1
55,0,0,25.35,False,False,True,False,False,False,False,False,False,False,0.03666666666666667,1
200,1,0,1183.795875,True,False,False,False,False,False,False,False,False,False,0.0008,1
60,0,1,1392.4639999999995,False,False,False,False,True,False,False,False,False,False,0.0002,0
150,1,1,929.1096,False,False,False,False,False,True,False,False,False,False,0.00075,0
5,0,0,8.750000000000002,False,False,False,False,True,False,False,False,False,False,0.01,1
20,1,1,592.5920000000001,False,False,False,False,True,False,False,False,False,False,0.0002,0
20,1,1,319.81950000000006,False,False,False,False,True,False,False,False,False,False,0.0004,0
7000,1,0,5388.038485714285,False,False,False,True,False,False,False,False,False,False,0.005833333333333334,1
7,1,1,1094.3177142857144,False,False,False,False,False,False,True,False,False,False,3.181818181818182e-05,0
5000,0,0,300.0,False,False,False,False,False,True,False,False,False,False,0.25,1
20,1,0,1131.695,False,False,False,False,True,False,False,False,False,False,8e-05,1
23,0,0,16.734539130434783,False,True,False,False,False,False,False,False,False,False,0.0115,1
89,1,1,1392.312808988764,False,False,False,False,False,True,False,False,False,False,0.00029666666666666665,0
20,1,1,969.0513999999998,False,False,False,False,True,False,False,False,False,False,0.0001,0
300,1,1,250.81672000000003,False,True,False,False,False,False,False,False,False,False,0.01,0
60,0,1,337.56870000000004,False,False,False,False,True,False,False,False,False,False,0.0008571428571428571,0
300,0,0,168.99999999999997,False,True,False,False,False,False,False,False,False,False,0.03,1
100,1,0,319.56390000000005,False,False,False,False,False,False,True,False,False,False,0.002,1
25,0,1,41.83344,False,False,False,False,True,False,False,False,False,False,0.005,0
60,1,1,2370.7899999999995,False,False,False,False,False,True,False,False,False,False,0.0001,0
20,0,0,33.47344,False,False,False,False,True,False,False,False,False,False,0.005,1
8000,1,0,324.501216875,False,False,False,False,False,False,True,False,False,False,0.14545454545454545,1
15,0,0,35.00000000000001,False,False,True,False,False,False,False,False,False,False,0.0075,1
10,0,1,7.499999999999999,False,True,False,False,False,False,False,False,False,False,0.02,0
75,1,0,222.94853333333336,False,True,False,False,False,False,False,False,False,False,0.001875,1
50,0,0,1780.712,False,False,False,False,True,False,False,False,False,False,0.000125,1
40,0,0,844.9999999999999,False,False,False,False,True,False,False,False,False,False,0.0008,1
20,0,0,1.69,False,False,False,False,False,False,True,False,False,False,0.2,1
300,0,1,2225.148333333333,False,False,False,False,True,False,False,False,False,False,0.0006,0
100,0,1,1275.0,False,False,False,False,True,False,False,False,False,False,0.001176470588235294,0
10,0,0,30.0,False,False,False,False,True,False,False,False,False,False,0.005,1
300,1,0,319.52130000000005,False,False,False,False,True,False,False,False,False,False,0.006,1
500,1,1,1503.4201343999998,False,False,False,False,False,False,True,False,False,False,0.0015432098765432098,0
20,0,0,1183.0,False,False,False,False,True,False,False,False,False,False,0.00028571428571428574,1
20,1,1,1231.2300000000002,False,False,False,False,True,False,False,False,False,False,8e-05,0
10,1,1,2313.51,False,False,False,False,True,False,False,False,False,False,2e-05,0
600,0,1,501.6167200000001,False,False,True,False,False,False,False,False,False,False,0.01,0
10,1,1,485.2513999999999,False,True,False,False,False,False,False,False,False,False,0.0001,0
30,1,1,875.0000000000001,False,False,False,False,False,True,False,False,False,False,0.0006,0
10,1,0,1783.56,False,False,False,False,True,False,False,False,False,False,2.5e-05,1
26,1,1,2055.58,False,False,False,False,False,False,True,False,False,False,5e-05,0
110,1,0,250.0,False,True,False,False,False,False,False,False,False,False,0.0044,1
5,0,0,3.5000000000000004,False,False,False,False,False,True,False,False,False,False,0.025,1
95,0,0,83.61760000000001,False,False,False,False,False,True,False,False,False,False,0.0095,1
12,0,0,66.99146666666667,False,False,False,False,False,False,False,True,False,False,0.0015,1
100,0,0,319.56390000000005,False,False,False,False,True,False,False,False,False,False,0.002,1
40,1,1,211.924575,False,False,False,False,True,False,False,False,False,False,0.0010526315789473684,0
3,0,1,450.0,False,False,False,False,False,False,True,False,False,False,0.0001,0
15,0,0,1689.9999999999998,False,False,False,False,True,False,False,False,False,False,0.00015,1
2000,1,0,337.99999999999994,False,False,False,False,True,False,False,False,False,False,0.1,1
10,0,1,993.9840000000004,False,False,False,False,False,False,True,False,False,False,5e-05,0
100,1,1,457.33716,False,False,False,False,True,False,False,False,False,False,0.001,0
15,0,0,125.5672,False,False,False,False,True,False,False,False,False,False,0.001,1
500,1,1,1750.0000000000002,False,False,False,False,False,True,False,False,False,False,0.005,0
7,0,1,224.39142857142855,False,False,False,False,True,False,False,False,False,False,0.000175,0
5,1,1,320.7780000000001,False,False,False,False,True,False,False,False,False,False,0.0001,0
10,0,1,384.6505,False,False,False,False,False,False,False,True,False,False,0.00015384615384615385,0
10,0,0,16.9,False,False,False,False,False,False,True,False,False,False,0.01,1
500,1,0,111.41114,False,False,False,False,False,False,True,False,False,False,0.025,1
70,1,1,354.15171428571426,False,False,False,False,False,True,False,False,False,False,0.0011666666666666668,0
100,0,1,50.7,True,False,False,False,False,False,False,False,False,False,0.03333333333333333,0
30,0,0,7875.0,False,False,False,False,True,False,False,False,False,False,6.666666666666667e-05,1
12,0,0,75.0,False,False,False,False,True,False,False,False,False,False,0.0024,1
45,1,1,457.5048000000001,False,False,False,False,True,False,False,False,False,False,0.00045,0
15,0,0,8.371146666666666,False,False,False,False,True,False,False,False,False,False,0.015,1
12,1,0,1626.7066666666667,False,False,False,False,True,False,False,False,False,False,3.4285714285714284e-05,1
12,0,1,41.869666666666674,False,False,False,False,False,False,False,True,False,False,0.0024,0
120,0,0,167.169625,False,False,False,True,False,False,False,False,False,False,0.004,1
30,0,0,167.3785,False,False,False,False,True,False,False,False,False,False,0.001,1
1200,1,1,847.5211875,False,False,False,False,False,False,True,False,False,False,0.0064,0
500,0,1,100.0,False,False,False,False,False,False,True,False,False,False,0.05,0
5,1,0,337.99999999999994,False,False,False,False,False,True,False,False,False,False,0.00025,1
30,1,1,1601.8002,False,False,False,False,True,False,False,False,False,False,8.571428571428571e-05,0
125,1,1,929.17152,False,True,False,False,False,False,False,False,False,False,0.000625,0
180,0,1,334.4371555555556,False,False,False,False,True,False,False,False,False,False,0.0045,0
100,1,1,278.63925,False,False,False,False,True,False,False,False,False,False,0.002,0
15,0,0,348.9646666666667,False,False,False,False,True,False,False,False,False,False,0.0003,1
6,1,0,450.0,False,False,False,False,False,False,True,False,False,False,0.0002,1
2500,0,1,592.0047360000001,False,False,False,False,False,False,False,True,False,False,0.025,0
5,0,0,17.500000000000004,False,True,False,False,False,False,False,False,False,False,0.005,1
15,1,1,698.9219999999999,False,False,False,False,True,False,False,False,False,False,0.0001,0
500,1,1,677.5271,False,False,False,False,False,True,False,False,False,False,0.004,0
30,0,0,437.50000000000006,False,False,False,False,True,False,False,False,False,False,0.0012,1
50,1,0,914.94864,False,False,False,False,False,True,False,False,False,False,0.00025,1
50,0,1,501.8006400000001,False,False,False,False,True,False,False,False,False,False,0.0008333333333333334,0
30,0,1,1176.3752,False,False,False,False,True,False,False,False,False,False,0.00011538461538461538,0
150,1,1,418.05573333333336,False,False,False,False,True,False,False,False,False,False,0.003,0
15,0,1,447.0853333333334,False,False,False,False,True,False,False,False,False,False,0.0001875,0
15,1,0,669.6917333333334,False,False,False,False,True,False,False,False,False,False,0.0001875,1
55,1,1,334.52160000000003,False,False,False,False,False,False,True,False,False,False,0.001375,0
25,0,0,8.750000000000002,False,True,False,False,False,False,False,False,False,False,0.05,1
2500,1,0,967.6116111999996,False,False,False,True,False,False,False,False,False,False,0.0125,1
90,0,1,714.8699999999999,False,False,False,False,True,False,False,False,False,False,0.002127659574468085,0
850,1,0,4040.0,False,True,False,False,False,False,False,False,False,False,0.002125,1
15,0,0,2264.52,False,False,False,False,True,False,False,False,False,False,3e-05,1
30,1,1,3938.3690266666654,False,False,False,False,True,False,False,False,False,False,3.51288056206089e-05,0
15,1,1,1393.8559999999998,False,False,False,False,True,False,False,False,False,False,5e-05,0
10000,1,1,334.40066880000006,False,False,False,True,False,False,False,False,False,False,0.25,0
65,0,1,557.708676923077,False,False,False,False,True,False,False,False,False,False,0.0005416666666666666,0
30,1,1,4102.733333333334,False,False,False,False,False,False,True,False,False,False,2.4e-05,0
35,1,0,67.6,False,True,False,False,False,False,False,False,False,False,0.00875,1
100,0,0,278.63925,False,False,False,False,False,False,True,False,False,False,0.002,1
5,1,0,1315.6416,False,False,False,False,True,False,False,False,False,False,2.0833333333333333e-05,1
40,1,1,35.00000000000001,False,False,False,False,False,True,False,False,False,False,0.02,0
37,0,1,473.856,False,False,False,False,False,True,False,False,False,False,0.0004625,0
200,1,1,3.38,False,False,False,False,True,False,False,False,False,False,1.0,0
20,1,1,838.0098,False,False,False,False,True,False,False,False,False,False,0.00011111111111111112,0
10,1,0,881.76,False,False,False,False,True,False,False,False,False,False,6.25e-05,1
30,0,0,2003.835,False,False,False,False,False,False,True,False,False,False,6.666666666666667e-05,1
165,1,1,836.1733090909091,False,False,False,False,True,False,False,False,False,False,0.0009166666666666666,0
15,1,0,35.00000000000001,False,False,False,False,True,False,False,False,False,False,0.0075,1
12,0,0,22.5,False,False,False,False,True,False,False,False,False,False,0.008,1
10,0,0,349.197,False,False,False,False,False,False,True,False,False,False,0.0002,1
400,1,0,1869.0934500000003,False,True,False,False,False,False,False,False,False,False,0.0009523809523809524,1
25,0,0,16.9,False,False,False,False,False,False,False,True,False,False,0.025,1
5,1,1,100.72128000000002,False,False,False,False,False,True,False,False,False,False,0.0004166666666666667,0
30,0,0,836.5573333333334,False,False,False,False,True,False,False,False,False,False,0.0003,1
100,1,1,16900.0,False,False,True,False,False,False,False,False,False,False,0.0001,0
450,1,1,1392.0618666666664,False,False,False,False,False,False,True,False,False,False,0.0015,0
10,0,0,384.1167,False,False,False,False,False,False,False,True,False,False,0.0001818181818181818,1
15,1,1,458.1144000000001,False,False,False,False,True,False,False,False,False,False,0.00015,0
20,1,1,1486.2848,False,False,False,False,True,False,False,False,False,False,6.25e-05,0
150,1,0,119.41592,False,False,False,False,True,False,False,False,False,False,0.01,1
30,1,1,435.85542,False,False,False,False,True,False,False,False,False,False,0.0003333333333333333,0
12,1,1,177.4425,False,True,False,False,False,False,False,False,False,False,0.0004,0
200,1,1,692.128989,False,False,False,False,True,False,False,False,False,False,0.0013422818791946308,0
15,1,1,3284.373333333333,False,False,False,False,False,False,True,False,False,False,1.5e-05,0
30,0,0,184.04261333333332,False,False,False,False,True,False,False,False,False,False,0.0013636363636363637,1
10000,1,0,280.4008412,False,False,False,False,False,False,True,False,False,False,0.5,1
5,0,1,534.9312000000001,False,False,False,False,False,False,True,False,False,False,5.555555555555556e-05,0
20,0,1,517.3168,False,True,False,False,False,False,False,False,False,False,0.00025,0
15,1,1,1231.6400000000003,False,False,False,False,True,False,False,False,False,False,6e-05,0
20,0,0,348.8485,False,False,False,False,True,False,False,False,False,False,0.0004,1
20,0,0,167.36720000000005,False,False,False,False,True,False,False,False,False,False,0.001,1
20,0,1,2293.291,False,False,False,False,True,False,False,False,False,False,3.4482758620689657e-05,0
1,1,1,498.3139999999999,False,False,False,False,True,False,False,False,False,False,1e-05,0
500,1,1,1538.7038550000002,False,False,False,False,True,False,False,False,False,False,0.0015384615384615385,0
10,1,1,652.6521,False,False,False,False,True,False,False,False,False,False,7.407407407407407e-05,0
15,0,1,426.80832,False,False,False,False,True,False,False,False,False,False,0.00020833333333333335,0
50,0,0,1780.712,False,False,False,False,True,False,False,False,False,False,0.000125,1
16,0,1,1055.0772000000002,False,False,False,False,True,False,False,False,False,False,8.988764044943821e-05,0
200,1,1,2370.237,False,True,False,False,False,False,False,False,False,False,0.0003333333333333333,0
4000,1,1,677.5033875,False,False,False,False,True,False,False,False,False,False,0.032,0
200,0,0,16.9,False,False,False,False,True,False,False,False,False,False,0.2,1
60,1,0,507.0,False,True,False,False,False,False,False,False,False,False,0.002,1
20,1,1,1486.2848,False,False,False,False,True,False,False,False,False,False,6.25e-05,0
14,0,0,3750.0,False,False,False,False,True,False,False,False,False,False,5.6e-05,1
200,1,1,914.53716,False,False,False,False,True,False,False,False,False,False,0.001,0
12,1,0,1558.3662000000002,False,False,False,False,True,False,False,False,False,False,3.529411764705882e-05,1
15,0,0,422.5,False,False,False,False,True,False,False,False,False,False,0.0006,1
9,1,1,448.294,False,False,False,False,True,False,False,False,False,False,0.00012857142857142858,0
150,1,0,1464.0000000000002,False,False,False,False,False,False,True,False,False,False,0.00125,1
750,1,1,992.0264533333336,False,False,False,False,False,False,True,False,False,False,0.00375,0
18,0,1,596.0831999999999,False,False,False,False,True,False,False,False,False,False,0.000140625,0
15,1,0,348.9646666666667,False,False,False,False,True,False,False,False,False,False,0.0003,1
22,1,0,5580.253636363635,False,False,False,False,True,False,False,False,False,False,1.774193548387097e-05,1
20,1,0,348.8485,False,False,False,False,True,False,False,False,False,False,0.0004,1
12,1,0,83.16000000000001,False,True,False,False,False,False,False,False,False,False,0.0025252525252525255,1
100,0,0,445.8228,False,False,False,False,True,False,False,False,False,False,0.00125,1
5,1,1,1397.5679999999998,False,False,False,False,True,False,False,False,False,False,1.6666666666666667e-05,0
15,0,0,1101.4666666666667,False,False,False,False,True,False,False,False,False,False,7.5e-05,1
100,1,1,789.87474,False,False,True,False,False,False,False,False,False,False,0.000588235294117647,0
10,1,0,168.99999999999997,False,True,False,False,False,False,False,False,False,False,0.001,1
5,0,1,240.00000000000003,False,False,False,False,False,False,False,True,False,False,0.00020833333333333335,0
20,0,0,383.7834,False,False,False,False,True,False,False,False,False,False,0.0003333333333333333,1
20,1,1,931.122,False,False,False,False,True,False,False,False,False,False,0.0001,0
350,1,1,1796.1026285714286,False,False,False,False,False,False,True,False,False,False,0.00175,0
500,0,1,928.89288,False,False,False,False,False,True,False,False,False,False,0.0025,0
15,0,0,711.3472,False,False,False,False,True,False,False,False,False,False,0.000125,1
15,0,1,444.592,False,False,False,False,True,False,False,False,False,False,0.0002,0
25,0,1,33.466752,False,False,False,False,True,False,False,False,False,False,0.00625,0
150,1,1,2567.842333333333,False,False,False,False,False,True,False,False,False,False,0.00023076923076923076,0
13,0,1,1394.1415384615382,False,False,False,False,False,False,True,False,False,False,4.3333333333333334e-05,0
15,1,1,465.948,False,False,False,False,False,False,True,False,False,False,0.00015,0
5,0,1,253.5,False,False,False,False,True,False,False,False,False,False,0.0003333333333333333,0
10,1,0,279.8925,False,False,False,False,True,False,False,False,False,False,0.0002,1
20,1,1,824.19444,False,False,False,False,False,False,True,False,False,False,0.00011111111111111112,0
20,0,0,337.99999999999994,False,False,False,False,True,False,False,False,False,False,0.001,1
40,0,0,16.9,False,False,False,False,False,True,False,False,False,False,0.04,1
30,1,1,320.36004,False,False,False,False,False,True,False,False,False,False,0.00042857142857142855,0
150,1,1,1780.2373333333333,False,True,False,False,False,False,False,False,False,False,0.000375,0
20,1,1,1358.034,False,False,False,False,True,False,False,False,False,False,6.666666666666667e-05,0
20,0,0,2174.6725,False,False,False,False,True,False,False,False,False,False,3.6363636363636364e-05,1
60,1,1,968.0837999999998,False,True,False,False,False,False,False,False,False,False,0.0003,0
75,1,0,337.99999999999994,False,False,False,False,False,True,False,False,False,False,0.00375,1
300,1,0,725.7725700000001,False,False,False,False,True,False,False,False,False,False,0.002,1
14,0,0,167.43885714285716,False,False,False,False,True,False,False,False,False,False,0.0007,1
15,0,1,465.948,False,False,False,False,True,False,False,False,False,False,0.00015,0
4,0,0,87.50000000000001,False,False,False,False,True,False,False,False,False,False,0.0008,1
31,1,0,319.7061290322581,False,False,False,False,True,False,False,False,False,False,0.00062,1
9000,1,1,10776.059866666666,False,False,False,False,False,False,True,False,False,False,0.00375,0
10,0,1,16.753439999999998,False,True,False,False,False,False,False,False,False,False,0.005,0
40,0,0,125.46270000000004,True,False,False,False,False,False,False,False,False,False,0.0026666666666666666,1
3000,1,0,992.0066133333336,False,False,False,False,False,False,True,False,False,False,0.015,1
10,0,0,16.9,False,False,False,False,True,False,False,False,False,False,0.01,1
100,1,1,2655.531,False,False,False,False,True,False,False,False,False,False,0.00013333333333333334,0
20,0,0,1378.9776000000002,False,False,False,False,True,False,False,False,False,False,7.142857142857143e-05,1
2500,0,0,2524.9999999999995,False,False,False,False,False,False,True,False,False,False,0.01,1
52,1,1,179.99999999999997,False,False,False,False,True,False,False,False,False,False,0.0028888888888888888,0
15,1,0,366.49152,False,False,False,False,True,False,False,False,False,False,0.0001875,1
35,0,0,70.00000000000001,False,True,False,False,False,False,False,False,False,False,0.00875,1
75,0,0,627.1671999999999,False,False,False,False,True,False,False,False,False,False,0.001,1
25,0,0,1230.9840000000002,False,False,False,False,True,False,False,False,False,False,0.0001,1
110,1,0,457.324690909091,False,False,False,False,False,True,False,False,False,False,0.0011,1
2,0,0,33.8,False,False,False,False,False,False,False,True,False,False,0.001,1
450,1,1,300.0,False,True,False,False,False,False,False,False,False,False,0.0225,0
60,0,1,1109.1543,False,False,False,False,True,False,False,False,False,False,0.0002608695652173913,0
1000,1,0,418.00836,False,False,False,True,False,False,False,False,False,False,0.02,1
50,1,0,517.00672,False,False,False,False,True,False,False,False,False,False,0.000625,1
96,1,1,464.641875,False,False,False,False,True,False,False,False,False,False,0.00096,0
100,1,0,348.5697,False,False,False,False,True,False,False,False,False,False,0.002,1
10,1,1,363.93855,False,False,False,False,True,False,False,False,False,False,0.00013333333333333334,0
150,0,1,222.87426666666667,False,True,False,False,False,False,False,False,False,False,0.00375,0
400,0,0,209.01045,False,False,False,False,True,False,False,False,False,False,0.016,1
20,0,0,893.6928,False,False,False,False,False,False,True,False,False,False,0.00011111111111111112,1
260,1,1,1392.1070769230766,False,False,False,False,False,False,True,False,False,False,0.0008666666666666666,0
50,1,1,629.3173639999999,False,False,False,False,True,False,False,False,False,False,0.0003846153846153846,0
17,1,0,375.0,False,False,False,False,True,False,False,False,False,False,0.00068,1
15,0,0,100.45376000000002,False,False,False,False,True,False,False,False,False,False,0.00125,1
12,1,0,699.5024999999999,False,False,False,False,True,False,False,False,False,False,8e-05,1
2000,0,0,844.9999999999999,True,False,False,False,False,False,False,False,False,False,0.04,1
10157,1,1,2486.007342719307,True,False,False,False,False,False,False,False,False,False,0.018467272727272728,0
30,0,1,418.4788,False,False,False,False,True,False,False,False,False,False,0.0005,0
5,1,1,1031.8968,False,False,False,False,True,False,False,False,False,False,2.2727272727272726e-05,0
12,0,0,168.99999999999997,False,False,False,False,True,False,False,False,False,False,0.0012,1
340,0,1,1351.9999999999998,False,True,False,False,False,False,False,False,False,False,0.00425,0
35,1,1,600.0,False,False,True,False,False,False,False,False,False,False,0.000875,0
50,1,1,646.2584,False,False,False,False,True,False,False,False,False,False,0.0005,0
5,0,0,84.49999999999999,False,False,False,False,False,False,True,False,False,False,0.001,1
1500,0,0,1254.01672,False,False,False,False,False,False,False,True,False,False,0.01,1
1500,0,0,41.80055733333334,False,True,False,False,False,False,False,False,False,False,0.3,1
150,1,1,15000.0,False,False,False,False,True,False,False,False,False,False,0.00015,0
15,0,0,844.9999999999999,False,False,False,False,True,False,False,False,False,False,0.0003,1
16,0,1,400.0,False,False,False,False,True,False,False,False,False,False,0.0004,0
10,0,0,89.97959999999999,False,False,False,False,False,False,True,False,False,False,0.001,1
45,1,1,262.5,False,False,False,False,False,True,False,False,False,False,0.003,0
8,0,0,224.1925,False,True,False,False,False,False,False,False,False,False,0.0002,1
200,0,1,600.0,False,False,False,False,True,False,False,False,False,False,0.005,0
15,0,0,1.5000000000000002,False,False,False,False,False,False,True,False,False,False,0.15,1
35,1,1,300.0,False,False,False,False,False,True,False,False,False,False,0.00175,0
20,1,1,400.0,False,False,False,False,False,False,True,False,False,False,0.0005,0
2000,1,1,3936.03936,False,False,False,False,True,False,False,False,False,False,0.0016666666666666668,0
100,1,1,159.23183999999998,False,False,False,False,False,False,True,False,False,False,0.005,0
100,0,0,467.083398,False,False,False,False,True,False,False,False,False,False,0.0014925373134328358,1
20,1,0,348.8485,False,False,False,False,True,False,False,False,False,False,0.0004,1
200,0,0,179.99999999999997,True,False,False,False,False,False,False,False,False,False,0.016666666666666666,1
500,0,0,41.801672,False,False,False,False,True,False,False,False,False,False,0.1,1
50,0,0,41.81672,True,False,False,False,False,False,False,False,False,False,0.01,1
35,0,0,253.5,False,False,False,False,False,True,False,False,False,False,0.0023333333333333335,1
9,1,1,3616.017777777778,False,True,False,False,False,False,False,False,False,False,8.181818181818181e-06,0
20,1,1,915.7716,False,False,False,False,True,False,False,False,False,False,0.0001,0
30,0,0,250.0,False,False,False,False,False,False,False,True,False,False,0.0012,1
20,1,1,274.73148000000003,False,False,False,False,True,False,False,False,False,False,0.0003333333333333333,0
35,0,1,376.4149714285714,False,False,False,False,True,False,False,False,False,False,0.0007777777777777777,0
40,1,1,18369.18,False,False,False,False,False,True,False,False,False,False,6.666666666666667e-06,0
48,1,1,646.2691666666667,False,False,False,False,False,True,False,False,False,False,0.00048,0
14,1,1,1393.9885714285713,False,False,False,False,True,False,False,False,False,False,4.6666666666666665e-05,0
450,1,0,437.50000000000006,False,False,False,False,False,False,False,True,False,False,0.018,1
150,1,0,600.0,False,False,False,False,True,False,False,False,False,False,0.00375,1
60,0,0,929.574,False,False,False,False,True,False,False,False,False,False,0.0003,1
15,0,0,33.8,False,False,False,False,True,False,False,False,False,False,0.0075,1
100,1,0,75.0,False,False,False,False,False,False,False,False,False,True,0.02,1
3,0,0,13.52,False,True,False,False,False,False,False,False,False,False,0.00375,1
76,1,1,4521.784210526316,False,False,False,False,True,False,False,False,False,False,7.6e-05,0
50,1,1,3281.312,False,False,False,False,False,False,True,False,False,False,5e-05,0
35,1,0,697.5951428571427,False,False,False,False,True,False,False,False,False,False,0.00023333333333333333,1
30,0,0,84.49999999999999,False,False,False,True,False,False,False,False,False,False,0.006,1
16,1,1,2372.9625,False,False,False,False,False,False,True,False,False,False,2.6666666666666667e-05,0
10,1,1,1673.7407999999998,False,False,False,False,False,False,True,False,False,False,2.777777777777778e-05,0
30,1,1,473.9157333333334,False,False,False,False,True,False,False,False,False,False,0.000375,0
18,1,0,3012.343333333333,False,False,False,False,True,False,False,False,False,False,2.1176470588235296e-05,1
40,0,1,507.0,False,False,False,False,False,True,False,False,False,False,0.0013333333333333333,0
16,1,1,5254.56,False,False,False,False,True,False,False,False,False,False,1e-05,0
80,0,1,265.5995625,False,True,False,False,False,False,False,False,False,False,0.0017777777777777779,0
4000,1,1,696.6087074999999,False,False,False,False,True,False,False,False,False,False,0.02666666666666667,0
20,0,0,87.50000000000001,False,False,False,False,False,True,False,False,False,False,0.004,1
20,0,0,931.122,False,False,False,True,False,False,False,False,False,False,0.0001,1
20,1,0,915.7716,False,False,False,False,True,False,False,False,False,False,0.0001,1
50,0,0,348.6394,False,False,False,False,True,False,False,False,False,False,0.001,1
20,1,1,100.42032000000002,False,False,False,False,True,False,False,False,False,False,0.0016666666666666668,0
350,1,0,202.8,False,False,False,False,True,False,False,False,False,False,0.029166666666666667,1
4000,1,1,383.401917,True,False,False,False,False,False,False,False,False,False,0.06666666666666667,0
35,0,0,50.7,False,False,False,False,False,True,False,False,False,False,0.011666666666666667,1
40,0,0,8.36418,False,False,False,False,True,False,False,False,False,False,0.04,1
150,0,0,168.99999999999997,False,True,False,False,False,False,False,False,False,False,0.015,1
20,0,0,450.0,False,False,False,False,True,False,False,False,False,False,0.0006666666666666666,1
20,0,0,84.49999999999999,False,False,False,False,True,False,False,False,False,False,0.004,1
35,0,0,202.8,False,False,False,False,True,False,False,False,False,False,0.002916666666666667,1
15,0,0,1750.0000000000002,False,False,False,False,True,False,False,False,False,False,0.00015,1
300,1,0,13500.0,False,False,False,False,True,False,False,False,False,False,0.0003333333333333333,1
150,0,0,66.88891733333332,False,False,False,False,True,False,False,False,False,False,0.01875,1
65,0,1,220.0,False,False,False,False,False,True,False,False,False,False,0.0029545454545454545,0
15,0,1,559.1376,False,False,False,False,False,False,True,False,False,False,0.000125,0
10,0,0,62.82540000000001,False,False,False,False,True,False,False,False,False,False,0.0013333333333333333,1
10000,1,0,450.0,False,False,False,True,False,False,False,False,False,False,0.3333333333333333,1
150,1,1,222.87426666666667,False,False,False,False,True,False,False,False,False,False,0.00375,0
55,0,1,836.6799272727274,False,False,False,False,True,False,False,False,False,False,0.00030555555555555555,0
4,0,0,70.00000000000001,False,True,False,False,False,False,False,False,False,False,0.001,1
55,1,0,202.8,False,True,False,False,False,False,False,False,False,False,0.004583333333333333,1
120,1,1,5877.469,True,False,False,False,False,False,False,False,False,False,9.23076923076923e-05,0
75,1,1,3280.8746666666666,False,False,False,False,True,False,False,False,False,False,7.5e-05,0
38,0,1,25.093200000000007,False,False,False,False,False,True,False,False,False,False,0.012666666666666666,0
20,1,0,2234.6928,False,False,False,False,False,False,True,False,False,False,4.1666666666666665e-05,1
100,1,0,2000.0,False,False,False,False,False,False,True,False,False,False,0.0005,1
200,1,1,1392.1391999999998,False,True,False,False,False,False,False,False,False,False,0.0006666666666666666,0
20,1,0,300.0,False,False,False,False,False,True,False,False,False,False,0.001,1
45,0,1,200.72917333333336,False,False,False,False,False,True,False,False,False,False,0.001875,0
20,0,0,168.99999999999997,False,False,True,False,False,False,False,False,False,False,0.002,1
10,1,1,199.398,False,False,False,False,True,False,False,False,False,False,0.0004,0
40,1,1,697.47075,False,False,True,False,False,False,False,False,False,False,0.0002666666666666667,0
50,0,1,1750.0,False,False,False,False,True,False,False,False,False,False,0.00028571428571428574,0
20,1,1,274.73148000000003,False,False,False,False,True,False,False,False,False,False,0.0003333333333333333,0
90,0,1,750.0,False,False,False,False,False,False,False,True,False,False,0.0018,0
75,1,0,343.03716000000003,False,False,False,False,False,False,True,False,False,False,0.001,1
9,1,1,1783.9555555555555,False,False,False,False,True,False,False,False,False,False,2.25e-05,0
100,0,0,337.99999999999994,False,False,False,False,False,True,False,False,False,False,0.005,1
50,1,0,16.9,False,True,False,False,False,False,False,False,False,False,0.05,1
40,0,0,75.0,False,False,False,False,True,False,False,False,False,False,0.008,1
60,0,1,592.1973333333334,False,False,False,False,True,False,False,False,False,False,0.0006,0
10,0,0,35.00000000000001,False,True,False,False,False,False,False,False,False,False,0.005,1
10,1,0,16.9,False,False,False,False,True,False,False,False,False,False,0.01,1
30,0,0,58.55901333333334,False,False,False,False,True,False,False,False,False,False,0.004285714285714286,1
20,1,1,150.0,False,False,False,False,True,False,False,False,False,False,0.0013333333333333333,0
20,1,1,366.30864,False,False,False,False,True,False,False,False,False,False,0.00025,0
80,1,1,686.057175,False,False,False,False,True,False,False,False,False,False,0.0005333333333333334,0
80,1,1,2370.5925,False,False,False,False,True,False,False,False,False,False,0.00013333333333333334,0
30,1,0,418.4788,False,False,False,False,False,False,False,True,False,False,0.0005,1
10,1,1,687.8574000000001,False,False,False,False,True,False,False,False,False,False,6.666666666666667e-05,0
10,0,1,168.99999999999997,False,False,False,False,True,False,False,False,False,False,0.001,0
15,0,1,1393.8559999999998,False,False,False,False,True,False,False,False,False,False,5e-05,0
20,1,1,1053.1373400000002,False,False,False,False,False,False,True,False,False,False,8.695652173913044e-05,0
50,0,1,225.810288,False,False,False,False,True,False,False,False,False,False,0.001851851851851852,0
200,0,1,125.41254000000002,False,True,False,False,False,False,False,False,False,False,0.013333333333333334,0
30,1,0,2226.483333333333,False,False,False,False,True,False,False,False,False,False,6e-05,1
15,1,0,418.5573333333334,False,False,False,False,True,False,False,False,False,False,0.0003,1
35,1,0,465.0634285714286,False,False,False,False,True,False,False,False,False,False,0.00035,1
30,0,0,118.29999999999998,False,False,False,False,True,False,False,False,False,False,0.004285714285714286,1
90,1,0,300.0,False,False,False,False,True,False,False,False,False,False,0.003,1
30,0,1,11829.999999999998,False,False,False,False,False,False,True,False,False,False,4.2857142857142856e-05,0
2000,1,0,168.99999999999997,False,False,False,False,True,False,False,False,False,False,0.2,1
9,1,1,1892.1955555555555,False,False,False,False,True,False,False,False,False,False,2.25e-05,0
15,0,0,25.113440000000004,False,False,False,False,True,False,False,False,False,False,0.005,1
50,1,0,3937.5744,False,False,False,False,True,False,False,False,False,False,4.1666666666666665e-05,1
100,0,0,418.0836000000001,False,False,False,False,False,True,False,False,False,False,0.002,1
285,0,1,1582.1665263157895,False,True,False,False,False,False,False,False,False,False,0.0008142857142857143,0
150,1,0,696.8322,False,True,False,False,False,False,False,False,False,False,0.001,1
20,0,0,931.122,False,False,False,False,True,False,False,False,False,False,0.0001,1
15,1,1,931.896,False,False,False,False,True,False,False,False,False,False,7.5e-05,0
50,0,0,119.44776,False,False,False,False,True,False,False,False,False,False,0.0033333333333333335,1
100,1,1,1143.3429,False,False,True,False,False,False,False,False,False,False,0.0004,0
10,0,1,1692.33792,False,False,False,False,True,False,False,False,False,False,2.7472527472527473e-05,0
15,0,0,837.1146666666668,False,False,False,False,True,False,False,False,False,False,0.00015,1
1500,0,0,87.50000000000001,False,False,False,False,True,False,False,False,False,False,0.3,1
10,1,0,168.99999999999997,False,False,False,False,False,False,True,False,False,False,0.001,1
20,1,0,16.9,False,False,False,False,True,False,False,False,False,False,0.02,1
25,1,1,2059.86888,False,False,False,False,True,False,False,False,False,False,5.555555555555556e-05,0
50,1,0,2173.369,False,False,True,False,False,False,False,False,False,False,9.09090909090909e-05,1
12,1,0,1558.3662000000002,False,False,False,False,True,False,False,False,False,False,3.529411764705882e-05,1
10,0,0,83.7672,False,False,False,False,True,False,False,False,False,False,0.001,1
157,1,1,844.9999999999999,False,False,False,False,False,False,True,False,False,False,0.00314,0
35,0,1,697.5951428571427,False,False,False,False,True,False,False,False,False,False,0.00023333333333333333,0
2500,0,1,723.008676,False,False,True,False,False,False,False,False,False,False,0.016666666666666666,0
25,0,1,167.33376,False,False,False,False,True,False,False,False,False,False,0.00125,0
5,0,0,209.83600000000004,False,False,False,False,True,False,False,False,False,False,0.0002,1
20,0,1,200.0,False,False,False,False,False,False,False,True,False,False,0.001,0
384,1,1,1506.855,False,False,False,False,True,False,False,False,False,False,0.0038225310331783747,0
1000,1,0,375.0,False,False,False,True,False,False,False,False,False,False,0.04,1
111,1,1,578.5563243243244,False,False,False,False,False,False,True,False,False,False,0.000925,0
250,0,0,83.606688,False,True,False,False,False,False,False,False,False,False,0.025,1
500,0,0,2524.9999999999995,False,False,False,False,True,False,False,False,False,False,0.002,1
12,1,0,275.0058,False,False,False,False,True,False,False,False,False,False,0.0002,1
5,0,1,4534.899999999999,False,True,False,False,False,False,False,False,False,False,5e-06,0
20,0,1,383.7834,False,False,False,False,False,False,True,False,False,False,0.0003333333333333333,0
20,1,0,2174.6725,False,False,False,False,True,False,False,False,False,False,3.6363636363636364e-05,1
150,1,1,2225.2966666666666,False,True,False,False,False,False,False,False,False,False,0.0003,0
20,1,1,300.0,False,False,False,False,True,False,False,False,False,False,0.0006666666666666666,0
20,0,0,465.561,False,False,False,False,True,False,False,False,False,False,0.0002,1
20,1,1,33.8,False,False,False,False,True,False,False,False,False,False,0.01,0
25,1,1,457.74864,False,False,False,False,True,False,False,False,False,False,0.00025,0
250,0,0,41.803344,False,False,False,True,False,False,False,False,False,False,0.05,1
15,1,1,1502.0000000000005,False,False,False,False,True,False,False,False,False,False,5e-05,0
15,1,1,167.42293333333336,False,False,False,False,True,False,False,False,False,False,0.00075,0
20,0,1,1500.0,False,False,False,False,False,False,False,True,False,False,0.0002,0
19,1,0,2004.607894736842,False,False,False,False,True,False,False,False,False,False,4.222222222222222e-05,1
20,1,0,300.0,False,False,False,False,True,False,False,False,False,False,0.001,1
100,0,0,278.63925,False,False,True,False,False,False,False,False,False,False,0.002,1
90,0,0,168.99999999999997,True,False,False,False,False,False,False,False,False,False,0.009,1
15,1,0,698.9219999999999,False,False,False,False,True,False,False,False,False,False,0.0001,1
6000,1,0,6120.0204,False,False,False,False,True,False,False,False,False,False,0.003,1
10000,0,0,928.804644,False,False,False,False,False,False,True,False,False,False,0.05,1
70,0,1,534.4414714285714,False,False,True,False,False,False,False,False,False,False,0.000608695652173913,0
10,1,0,17.500000000000004,False,False,False,False,True,False,False,False,False,False,0.01,1
70,1,1,94.44045714285716,False,False,False,False,True,False,False,False,False,False,0.004375,0
3,0,1,2626.0,False,False,False,False,False,False,True,False,False,False,1.1538461538461538e-05,0
30,0,0,26.250000000000007,False,False,False,False,True,False,False,False,False,False,0.02,1
25,1,0,1897.3872,False,False,False,False,True,False,False,False,False,False,6.25e-05,1
20,0,1,558.6732,False,False,False,False,True,False,False,False,False,False,0.00016666666666666666,0
10,1,1,4963.694999999999,False,False,False,False,False,False,True,False,False,False,9.090909090909091e-06,0
523,1,1,1045.0399617590822,False,False,False,False,False,True,False,False,False,False,0.004184,0
15,1,1,1905.7559040000003,False,False,False,False,True,False,False,False,False,False,3.605769230769231e-05,0
200,0,1,1420.5550499999997,False,False,False,True,False,False,False,False,False,False,0.0006666666666666666,0
25,1,1,445.356,False,False,False,False,True,False,False,False,False,False,0.00025,0
80,1,0,1143.428625,False,False,False,False,True,False,False,False,False,False,0.00032,1
50,1,1,41.81672,False,False,False,False,True,False,False,False,False,False,0.01,0
60,0,0,350.00000000000006,False,False,True,False,False,False,False,False,False,False,0.003,1
27,1,1,366.1664,False,False,False,False,True,False,False,False,False,False,0.0003375,0
30,1,0,1200.0,False,False,False,False,True,False,False,False,False,False,0.000375,1
5,1,0,1010.0,False,True,False,False,False,False,False,False,False,False,5e-05,1
8,0,1,467.3025,False,False,False,False,True,False,False,False,False,False,8e-05,0
10,0,0,87.50000000000001,False,False,False,False,False,False,True,False,False,False,0.002,1
15,0,0,337.99999999999994,False,False,False,False,True,False,False,False,False,False,0.00075,1
2000,1,1,290.2843542,False,False,False,False,False,False,True,False,False,False,0.03333333333333333,0
200,1,1,387.098056,False,False,False,False,True,False,False,False,False,False,0.0025,0
25,1,0,517.21344,False,False,False,False,True,False,False,False,False,False,0.0003125,1
20,0,0,16.9,False,True,False,False,False,False,False,False,False,False,0.02,1
1000,1,0,150.0,False,False,False,False,True,False,False,False,False,False,0.1,1
15,1,1,319.92600000000004,False,False,False,False,True,False,False,False,False,False,0.0003,0
15,1,1,2005.17,False,False,False,False,False,False,True,False,False,False,3.3333333333333335e-05,0
70,0,0,700.0000000000001,False,False,False,False,True,False,False,False,False,False,0.00175,1
10,0,0,8.376719999999999,False,True,False,False,False,False,False,False,False,False,0.01,1
30,1,1,278.96416666666664,False,False,True,False,False,False,False,False,False,False,0.0006,0
10,1,0,349.197,False,False,False,False,True,False,False,False,False,False,0.0002,1
20,1,0,348.8485,False,True,False,False,False,False,False,False,False,False,0.0004,1
20,1,0,915.7716,False,False,False,False,False,False,True,False,False,False,0.0001,1
1000,1,1,295.00885,False,False,False,True,False,False,False,False,False,False,0.02,0
8,1,1,2771.9125,False,False,False,False,True,False,False,False,False,False,1.1428571428571429e-05,0
300,1,1,725.7725700000001,False,False,False,False,False,False,False,True,False,False,0.002,0
1000,0,1,337.99999999999994,False,False,False,False,False,False,False,True,False,False,0.05,0
5,0,1,251.80320000000003,False,False,False,False,False,True,False,False,False,False,0.00016666666666666666,0
15,1,1,491.7938666666667,False,False,False,False,True,False,False,False,False,False,0.00017045454545454547,0
10,1,1,119.6388,False,True,False,False,False,False,False,False,False,False,0.0006666666666666666,0
10,1,0,560.0663999999999,False,False,False,False,True,False,False,False,False,False,8.333333333333333e-05,1
75,0,0,16.9,False,False,False,False,False,True,False,False,False,False,0.075,1
20,1,1,931.122,False,False,False,False,True,False,False,False,False,False,0.0001,0
5,1,1,365.0271,False,False,False,False,False,False,True,False,False,False,6.666666666666667e-05,0
10,1,1,3943.872,False,False,False,False,True,False,False,False,False,False,8.333333333333334e-06,0
20,0,1,1186.45875,False,False,False,False,True,False,False,False,False,False,8e-05,0
60,1,1,1895.178,False,False,True,False,False,False,False,False,False,False,0.00015,0
20,0,1,2227.225,False,False,False,False,True,False,False,False,False,False,4e-05,0
70,1,0,844.9999999999999,False,False,False,False,True,False,False,False,False,False,0.0014,1
5,0,0,150.0,False,False,False,True,False,False,False,False,False,False,0.0005,1
25,0,0,118.29999999999998,False,False,False,False,True,False,False,False,False,False,0.0035714285714285713,1
10,0,0,41.8836,False,True,False,False,False,False,False,False,False,False,0.002,1
50,0,0,26.250000000000007,False,False,False,False,False,False,True,False,False,False,0.03333333333333333,1
60,0,0,83.62786666666668,False,True,False,False,False,False,False,False,False,False,0.006,1
40,0,0,300.0,False,False,False,False,False,True,False,False,False,False,0.002,1
200,1,1,337.99999999999994,False,False,False,False,True,False,False,False,False,False,0.01,0
10,0,0,105.0,False,False,False,False,True,False,False,False,False,False,0.0014285714285714286,1
10,0,0,0.2534999999999999,False,False,False,False,True,False,False,False,False,False,0.6666666666666666,1
45,0,0,223.0475555555556,False,False,False,False,True,False,False,False,False,False,0.001125,1
250,0,1,2225.178,False,True,False,False,False,False,False,False,False,False,0.0005,0
5,0,0,101.4,False,False,False,False,False,True,False,False,False,False,0.0008333333333333334,1
6,1,1,2377.9,False,False,False,False,True,False,False,False,False,False,1e-05,0
60,1,0,14.999999999999998,False,True,False,False,False,False,False,False,False,False,0.06,1
10,0,0,886.7718,False,False,False,False,False,False,True,False,False,False,5.2631578947368424e-05,1
30,1,1,2953.9680000000003,False,False,False,False,True,False,False,False,False,False,3.3333333333333335e-05,0
20,0,1,698.3414999999999,False,False,False,False,True,False,False,False,False,False,0.00013333333333333334,0
9,1,1,1424.3582222222224,False,False,False,False,True,False,False,False,False,False,5.294117647058824e-05,0
50,0,1,2577.9458400000008,False,False,False,False,True,False,False,False,False,False,8.771929824561403e-05,0
60,1,1,627.2089999999998,False,False,False,False,True,False,False,False,False,False,0.0008,0
1000,1,0,253.5,False,False,False,False,False,True,False,False,False,False,0.06666666666666667,1
20,0,0,168.99999999999997,False,False,False,False,False,True,False,False,False,False,0.002,1
7,1,1,500.0,False,False,False,False,False,False,True,False,False,False,0.00014,0
20,1,1,686.8287,False,False,False,False,True,False,False,False,False,False,0.00013333333333333334,0
130,1,1,673.1152984615384,False,True,False,False,False,False,False,False,False,False,0.0027083333333333334,0
25,0,0,25.100064000000007,False,False,False,False,False,True,False,False,False,False,0.008333333333333333,1
20,0,1,502.80588,False,False,False,False,True,False,False,False,False,False,0.00018518518518518518,0
60,0,1,337.99999999999994,False,False,False,False,True,False,False,False,False,False,0.003,0
10,1,1,6438.852,False,False,False,False,True,False,False,False,False,False,4.7619047619047615e-06,0
8,1,1,458.9145,False,False,False,False,True,False,False,False,False,False,8e-05,0
20,0,1,813.8130000000001,False,False,True,False,False,False,False,False,False,False,0.00013333333333333334,0
7,1,1,701.5757142857142,False,False,False,False,True,False,False,False,False,False,4.6666666666666665e-05,0
1000,1,0,250.80501600000005,False,False,False,True,False,False,False,False,False,False,0.03333333333333333,1
10,1,0,150.0,False,False,False,False,True,False,False,False,False,False,0.001,1
150,1,1,1750.0000000000002,False,False,False,False,False,False,False,False,True,False,0.0015,0
40,0,1,4922.460000000001,False,False,True,False,False,False,False,False,False,False,2.6666666666666667e-05,0
5000,1,0,418.001672,False,True,False,False,False,False,False,False,False,False,0.1,1
1000,1,0,500.0,False,False,False,False,False,True,False,False,False,False,0.02,1
60,1,1,50.7,False,False,True,False,False,False,False,False,False,False,0.02,0
10,0,0,41.8836,False,False,False,False,False,True,False,False,False,False,0.002,1
110,0,1,472.1287272727273,False,False,False,False,True,False,False,False,False,False,0.001375,0
10,1,0,642.0002400000001,False,False,False,False,True,False,False,False,False,False,7.142857142857143e-05,1
5,1,1,120.0,False,False,False,False,True,False,False,False,False,False,0.0004166666666666667,0
10,0,1,933.444,False,False,False,False,False,True,False,False,False,False,5e-05,0
30,1,1,253.5,False,True,False,False,False,False,False,False,False,False,0.002,0
7,1,1,467.7171428571429,False,False,False,False,True,False,False,False,False,False,7e-05,0
15,1,1,916.2288,False,False,False,False,True,False,False,False,False,False,7.5e-05,0
50,0,1,1516.39488,False,False,False,False,True,False,False,False,False,False,0.00015625,0
25,1,1,279.057,False,False,False,False,False,False,True,False,False,False,0.0005,0
900,1,1,501.32785,False,True,False,False,False,False,False,False,False,False,0.01,0
1500,1,1,967.6193519999998,False,False,False,False,False,False,True,False,False,False,0.0075,0
175,1,0,967.765874285714,False,True,False,False,False,False,False,False,False,False,0.000875,1
30,1,1,2262.26,False,False,False,False,False,False,True,False,False,False,6e-05,0
35,0,0,167.29554285714286,False,False,True,False,False,False,False,False,False,False,0.00175,1
120,0,0,3454.43875,False,False,False,False,False,False,True,False,False,False,0.00016,1
600,1,1,387.059352,False,True,False,False,False,False,False,False,False,False,0.0075,0
10,1,1,687.8574000000001,False,False,False,False,True,False,False,False,False,False,6.666666666666667e-05,0
65,0,1,2713.2516923076923,False,False,False,False,False,False,True,False,False,False,0.00010833333333333333,0
12,0,0,5950.0,False,False,False,False,True,False,False,False,False,False,3.529411764705882e-05,1
15,1,1,2290.572,False,True,False,False,False,False,False,False,False,False,3e-05,0
1000,1,1,3280.0656,False,False,False,False,True,False,False,False,False,False,0.001,0
52,1,1,209.08038461538465,False,False,False,False,False,True,False,False,False,False,0.00208,0
15,0,1,150.0,False,False,False,False,True,False,False,False,False,False,0.001,0
10,1,0,811.1999999999999,False,True,False,False,False,False,False,False,False,False,0.00020833333333333335,1
30,0,1,50.7,False,False,False,True,False,False,False,False,False,False,0.01,0
15,1,0,337.99999999999994,False,False,False,False,False,True,False,False,False,False,0.00075,1
40,1,0,390.387375,False,False,False,False,False,True,False,False,False,False,0.0005714285714285715,1
50,1,1,2287.3716,False,False,False,False,True,False,False,False,False,False,0.0001,0
300,0,0,87.50000000000001,False,True,False,False,False,False,False,False,False,False,0.06,1
20,1,1,875.0000000000001,False,False,True,False,False,False,False,False,False,False,0.0004,0
100,1,1,482.1446,False,True,False,False,False,False,False,False,False,False,0.001,0
2500,0,1,422.5,False,False,False,False,False,False,False,True,False,False,0.1,0
10,0,0,84.49999999999999,False,False,False,False,True,False,False,False,False,False,0.002,1
10,0,0,84.49999999999999,False,False,False,False,True,False,False,False,False,False,0.002,1
2,1,0,1001.9200000000002,False,False,False,False,False,False,True,False,False,False,1e-05,1
15,1,0,889.184,False,False,False,False,True,False,False,False,False,False,0.0001,1
100,1,1,457.33716,False,True,False,False,False,False,False,False,False,False,0.001,0
50,0,1,195.14495,False,False,False,False,True,False,False,False,False,False,0.0014285714285714286,0
12,0,0,298.89733333333334,False,False,False,False,True,False,False,False,False,False,0.0003,1
15,1,1,348.9646666666667,False,False,False,False,True,False,False,False,False,False,0.0003,0
20,1,1,558.6732,False,False,False,False,True,False,False,False,False,False,0.00016666666666666666,0
250,1,0,445.68912,False,False,False,False,False,False,False,True,False,False,0.003125,1
20,0,0,280.0,False,False,False,False,False,False,True,False,False,False,0.0007142857142857143,1
90,1,1,823.23432,False,False,False,False,True,False,False,False,False,False,0.0005,0
100,1,0,929.2644,False,True,False,False,False,False,False,False,False,False,0.0005,1
10000,1,1,9180.01836,False,False,False,False,True,False,False,False,False,False,0.0033333333333333335,0
1500,1,0,646.0086133333333,False,False,False,True,False,False,False,False,False,False,0.015,1
200,1,0,274.36114800000007,False,False,False,False,True,False,False,False,False,False,0.0033333333333333335,1
24,0,1,705.1871666666667,False,False,False,False,True,False,False,False,False,False,0.0001846153846153846,0
30,0,0,125.48360000000002,False,False,True,False,False,False,False,False,False,False,0.002,1
15,1,1,931.896,False,False,False,False,True,False,False,False,False,False,7.5e-05,0
3,1,1,844.9999999999999,False,False,False,False,False,False,True,False,False,False,6e-05,0
10,1,0,447.828,False,False,False,False,True,False,False,False,False,False,0.000125,1
20,1,1,2626.624,False,False,False,False,True,False,False,False,False,False,2.5e-05,0
8,1,1,2771.9125,False,False,False,False,False,False,True,False,False,False,1.1428571428571429e-05,0
700,1,1,3280.093714285714,False,True,False,False,False,False,False,False,False,False,0.0007,0
10,0,0,150.0,False,False,False,False,True,False,False,False,False,False,0.001,1
20,0,0,992.9920000000002,False,False,False,False,True,False,False,False,False,False,0.0001,1
15,1,1,458.1144000000001,False,False,False,False,True,False,False,False,False,False,0.00015,0
30,1,0,375.0,False,False,False,False,False,False,True,False,False,False,0.0012,1
40,1,0,549.37455,True,False,False,False,False,False,False,False,False,False,0.00047058823529411766,1
60,1,1,1210.10475,False,True,False,False,False,False,False,False,False,False,0.00024,0
10,0,0,17.035199999999996,False,False,True,False,False,False,False,False,False,False,0.00992063492063492,1
55,1,1,365.9595054545454,False,False,False,False,False,True,False,False,False,False,0.0006875,0
15,0,0,17.412500000000005,False,False,False,False,True,False,False,False,False,False,0.01507537688442211,1
26,0,0,16.9,False,True,False,False,False,False,False,False,False,False,0.026,1
1500,1,1,1935.238704,False,False,False,False,False,False,True,False,False,False,0.00375,0
140,1,1,206.54425,False,False,False,True,False,False,False,False,False,False,0.004,0
10,0,0,20.279999999999998,False,False,False,False,False,True,False,False,False,False,0.008333333333333333,1
250,0,0,222.84456,False,False,False,False,True,False,False,False,False,False,0.00625,1
2000,1,1,250.65626625,False,False,False,False,True,False,False,False,False,False,0.044444444444444446,0
15,1,1,418.7576,False,False,False,False,False,False,True,False,False,False,0.00025,0
40,1,1,150.0,False,False,False,False,False,True,False,False,False,False,0.004,0
90,0,1,8.750000000000002,False,False,False,False,False,False,False,True,False,False,0.18,0
3000,1,0,592.0039466666668,False,False,False,False,True,False,False,False,False,False,0.03,1
250,0,0,225.0,False,False,False,False,False,True,False,False,False,False,0.016666666666666666,1
20,0,1,279.19625,False,False,False,False,True,False,False,False,False,False,0.0004,0
2000,1,1,928.82322,False,False,False,False,True,False,False,False,False,False,0.01,0
150,0,0,225.0,False,False,False,False,True,False,False,False,False,False,0.01,1
25,0,1,236.2832,False,False,False,False,True,False,False,False,False,False,0.000625,0
560,1,1,685.8367392857143,False,True,False,False,False,False,False,False,False,False,0.0037333333333333333,0
4,0,1,490.3395,False,False,False,False,True,False,False,False,False,False,5.714285714285714e-05,0
30,1,0,1230.8200000000002,False,False,False,False,True,False,False,False,False,False,0.00012,1
15,0,1,167.65699999999998,False,False,False,False,True,False,False,False,False,False,0.0005,0
25,0,1,1000.0,False,False,False,False,True,False,False,False,False,False,0.00025,0
365,1,0,836.0345095890411,False,True,False,False,False,False,False,False,False,False,0.0020277777777777777,1
2500,1,0,914.4109728,False,False,False,False,True,False,False,False,False,False,0.0125,1
15,1,0,337.99999999999994,False,False,False,False,False,False,True,False,False,False,0.00075,1
20,1,1,2307.755,False,False,False,False,True,False,False,False,False,False,4e-05,0
50,1,0,2287.3716,False,False,False,False,True,False,False,False,False,False,0.0001,1
10,0,1,167.5344,False,False,False,False,False,False,False,True,False,False,0.0005,0
10,0,0,17.99592,False,False,False,False,False,True,False,False,False,False,0.005,1
20,1,1,412.09722,False,False,False,False,True,False,False,False,False,False,0.00022222222222222223,0
20,1,1,2289.429,False,False,False,False,False,False,True,False,False,False,4e-05,0
10,0,1,886.7718,False,False,False,False,True,False,False,False,False,False,5.2631578947368424e-05,0
150,1,1,422.5,False,False,False,False,True,False,False,False,False,False,0.006,0
80,1,1,594.582885,False,False,False,False,True,False,False,False,False,False,0.0006153846153846154,0
15,0,0,262.5,False,False,False,False,True,False,False,False,False,False,0.001,1
1000,0,0,464.42322,False,True,False,False,False,False,False,False,False,False,0.01,1
150,1,0,337.99999999999994,False,False,False,False,True,False,False,False,False,False,0.0075,1
20,0,0,279.19625,False,False,False,False,True,False,False,False,False,False,0.0004,1
50,0,0,84.49999999999999,False,False,False,False,False,True,False,False,False,False,0.01,1
30,0,0,75.0,False,False,False,False,True,False,False,False,False,False,0.006,1
10,1,0,474.5472,False,False,False,False,True,False,False,False,False,False,0.000125,1
50,1,1,1356.8136,False,False,False,False,False,True,False,False,False,False,0.00016666666666666666,0
50,1,0,200.0,False,False,False,False,True,False,False,False,False,False,0.0025,1
3000,1,0,4294.04294,False,False,False,False,False,False,True,False,False,False,0.003157894736842105,1
10,1,1,481.50018,False,False,False,False,False,False,True,False,False,False,9.523809523809524e-05,0
200,1,0,3280.328,False,False,False,False,True,False,False,False,False,False,0.0002,1
10,1,1,2140.272,False,False,False,False,False,False,True,False,False,False,2.0833333333333333e-05,0
300,0,0,1575.0,False,False,False,False,False,False,True,False,False,False,0.0033333333333333335,1
7,0,1,209.5971428571429,False,False,False,False,True,False,False,False,False,False,0.00028,0
70,1,1,686.0939142857144,False,False,False,False,True,False,False,False,False,False,0.00046666666666666666,0
4000,1,0,2225.011125,False,False,False,True,False,False,False,False,False,False,0.008,1
600,1,1,2225.0741666666668,False,False,False,False,False,False,True,False,False,False,0.0012,0
150,1,1,50.7,False,False,False,False,False,False,True,False,False,False,0.05,0
20,1,0,915.7716,False,False,False,False,True,False,False,False,False,False,0.0001,1
5,0,1,253.5,False,False,False,False,True,False,False,False,False,False,0.0003333333333333333,0
200,1,0,1750.0000000000002,False,True,False,False,False,False,False,False,False,False,0.002,1
10,0,1,2229.45,False,False,False,False,True,False,False,False,False,False,2e-05,0
5,0,0,35.00000000000001,False,False,False,False,False,False,False,True,False,False,0.0025,1
6,0,1,11.743013333333332,False,False,False,False,False,False,False,True,False,False,0.004285714285714286,0
5,0,0,12.000000000000002,False,False,False,False,True,False,False,False,False,False,0.00625,1
150,1,1,2020.0,False,False,False,False,True,False,False,False,False,False,0.00075,0
5,0,0,25.35,False,False,False,False,True,False,False,False,False,False,0.0033333333333333335,1
9,1,1,560.376,False,False,False,False,True,False,False,False,False,False,7.5e-05,0
5,0,1,253.5,False,False,False,False,True,False,False,False,False,False,0.0003333333333333333,0
20,1,1,1024.2342,False,False,False,False,True,False,False,False,False,False,9.09090909090909e-05,0
300,1,1,253.5,False,False,False,False,False,True,False,False,False,False,0.02,0
560,1,1,685.8367392857143,False,True,False,False,False,False,False,False,False,False,0.0037333333333333333,0
20,1,1,931.122,False,False,False,False,True,False,False,False,False,False,0.0001,0
10,0,0,84.49999999999999,False,False,False,False,False,True,False,False,False,False,0.002,1
4,0,0,168.99999999999997,False,False,False,False,False,False,True,False,False,False,0.0004,1
1000,1,1,592.0118400000001,False,False,False,False,False,False,False,True,False,False,0.01,0
10,1,1,993.9840000000004,False,False,False,False,False,False,True,False,False,False,5e-05,0
12,1,0,993.6533333333336,False,False,False,False,True,False,False,False,False,False,6e-05,1
10,0,0,25.35,False,False,False,False,True,False,False,False,False,False,0.006666666666666667,1
10,0,1,251.90325,False,False,False,False,True,False,False,False,False,False,0.00022222222222222223,0
10,1,0,917.1432,False,False,False,False,False,False,True,False,False,False,5e-05,1
15,0,1,279.42833333333334,False,False,False,False,True,False,False,False,False,False,0.0003,0
8,1,1,458.9145,False,False,False,False,False,True,False,False,False,False,8e-05,0
275,1,0,696.7266545454545,False,False,False,False,False,True,False,False,False,False,0.0018333333333333333,1
30,0,1,1809.808,False,False,False,False,True,False,False,False,False,False,7.5e-05,0
20,0,1,0.338,False,False,False,False,True,False,False,False,False,False,1.0,0
20,1,1,931.122,False,False,False,False,True,False,False,False,False,False,0.0001,0
40,0,0,168.99999999999997,False,False,False,False,False,True,False,False,False,False,0.004,1
6,0,1,468.27,False,False,False,False,True,False,False,False,False,False,6e-05,0
10,1,1,1394.784,False,False,False,False,True,False,False,False,False,False,3.3333333333333335e-05,0
20,0,1,59.99999999999999,False,False,False,False,False,False,True,False,False,False,0.005,0
20,0,0,1800.0,False,True,False,False,False,False,False,False,False,False,0.00016666666666666666,1
15,0,0,300.0,False,False,False,False,True,False,False,False,False,False,0.00075,1
9,0,0,15.750000000000004,False,False,True,False,False,False,False,False,False,False,0.01,1
10,0,1,560.0663999999999,False,False,False,False,True,False,False,False,False,False,8.333333333333333e-05,0
845,0,1,278.51647928994083,False,False,False,False,False,True,False,False,False,False,0.0169,0
180,1,1,646.0717777777778,False,False,False,False,False,True,False,False,False,False,0.0018,0
20,0,1,844.0432000000002,False,False,False,False,True,False,False,False,False,False,0.00011764705882352942,0
100,1,0,35.00000000000001,False,False,False,False,True,False,False,False,False,False,0.05,1
20,0,1,35.00000000000001,False,False,False,False,True,False,False,False,False,False,0.01,0
30,0,0,2133.8505,False,False,False,False,False,False,True,False,False,False,6.666666666666667e-05,1
20,1,1,3621.424,False,False,False,False,True,False,False,False,False,False,2.5e-05,0
20,0,1,474.0736,False,True,False,False,False,False,False,False,False,False,0.00025,0
5,0,0,8.39344,False,False,False,False,False,True,False,False,False,False,0.005,1
10,1,1,1394.784,False,False,False,False,False,False,True,False,False,False,3.3333333333333335e-05,0
25,1,0,177.2124,False,False,False,False,True,False,False,False,False,False,0.0008333333333333334,1
100,1,0,334.46688000000006,False,False,False,False,True,False,False,False,False,False,0.0025,1
1000,1,0,2302.1151,False,False,False,False,False,False,True,False,False,False,0.002,1
10,0,0,84.49999999999999,False,True,False,False,False,False,False,False,False,False,0.002,1
20,0,1,179.99999999999997,False,False,False,False,True,False,False,False,False,False,0.0016666666666666668,0
15,1,1,1379.4368000000002,False,False,False,False,False,False,True,False,False,False,5.357142857142857e-05,0
25,0,0,87.50000000000001,False,False,False,False,True,False,False,False,False,False,0.005,1
15,1,1,2964.1164,False,False,False,False,True,False,False,False,False,False,2.1428571428571428e-05,0
10,1,0,466.722,False,False,False,False,True,False,False,False,False,False,0.0001,1
50,1,1,503.2217520000001,False,False,False,False,True,False,False,False,False,False,0.00045454545454545455,0
25,0,0,33.8,False,False,False,False,True,False,False,False,False,False,0.0125,1
2,0,1,8079.999999999999,False,False,False,False,False,True,False,False,False,False,2.5e-06,0
50,1,0,723.4338,False,False,False,False,True,False,False,False,False,False,0.0003333333333333333,1
60,0,1,250.0,False,False,False,False,True,False,False,False,False,False,0.0024,0
65,1,0,337.99999999999994,False,False,False,False,False,True,False,False,False,False,0.00325,1
10,0,1,743.8847999999999,False,False,False,False,False,False,True,False,False,False,6.25e-05,0
20,0,1,2004.5025,False,False,False,False,True,False,False,False,False,False,4.4444444444444447e-05,0
20,0,0,2962.9600000000005,False,False,False,False,True,False,False,False,False,False,4e-05,1
50,0,0,14.999999999999998,False,True,False,False,False,False,False,False,False,False,0.05,1
200,1,1,1209.681425,False,False,False,False,True,False,False,False,False,False,0.0008,0
2000,1,1,1670.4167039999998,False,False,False,False,False,False,True,False,False,False,0.005555555555555556,0
23,1,0,474.01182608695655,False,False,True,False,False,False,False,False,False,False,0.0002875,1
50,0,1,225.0,False,False,True,False,False,False,False,False,False,False,0.0033333333333333335,0
5,0,0,8.45,False,False,False,False,False,False,True,False,False,False,0.01,1
10,1,1,1146.429,False,False,False,False,True,False,False,False,False,False,4e-05,0
75,0,0,384.6625493333333,False,False,False,False,True,False,False,False,False,False,0.0016304347826086956,1
250,1,1,1829.019456,False,False,False,False,True,False,False,False,False,False,0.000625,0
6,1,1,3600.0,False,False,False,False,False,False,True,False,False,False,2.5e-05,0
20,1,1,465.561,False,False,False,False,False,False,True,False,False,False,0.0002,0
5,0,1,703.5659999999999,False,False,False,False,True,False,False,False,False,False,3.3333333333333335e-05,0
3500,1,1,3936.0224914285714,False,False,False,False,True,False,False,False,False,False,0.002916666666666667,0
34,0,1,253.5,False,False,False,False,True,False,False,False,False,False,0.002266666666666667,0
10,1,0,150.0,False,False,False,False,True,False,False,False,False,False,0.0006666666666666666,1
20,0,0,1231.2300000000002,False,False,False,False,True,False,False,False,False,False,8e-05,1
50,0,1,1230.4920000000002,False,False,True,False,False,False,False,False,False,False,0.0002,0
15,1,0,1.5000000000000002,False,False,False,False,True,False,False,False,False,False,0.15,1
100,1,0,1.0,False,False,False,False,True,False,False,False,False,False,1.0,1
